roc_auc,average_precision,F1,F1_macro,precision,recall,balanced_accuracy,accuracy,matthews_corrcoef
0.9805155197118307,0.8915813214266848,0.6354206684594699,0.7904323807948399,0.4830607476635514,0.9281705948372615,0.9155016347045333,0.905090509050905,0.628496040258966
