roc_auc,average_precision,F1,F1_macro,precision,recall,balanced_accuracy,accuracy,matthews_corrcoef
0.9804789834617093,0.8912646544603237,0.6405228758169934,0.7933889886356336,0.4871345029239766,0.9349046015712682,0.9193078124237544,0.9064906490649065,0.6345475735821411
